,,,,,,
,,,,,,
ተ.ቁ.,የፈቃድ ዓይነት,ለማን ይሰጣል?,መቼ ይሰጣል?,ስንት ቀን?,የክፍያ ሁኔታ,የሚፈለግ ማስረጃ / መስፈርት
1,ዓመት ፈቃድ       (Annual Leave),የሙከራ ጊዜውን ያጠናቀቀ ሠራተኛ,አንድ ዓመት አገልግሎት ካጠናቀቀ በኋላ,16 የሥራ ቀናት ለ1ኛ ዓመት፤ በየ2 ዓመቱ +1 ቀን,ሙሉ ደመወዝ,የLeave Request Form፣ የHR Leave Balance ማረጋገጫ
2,የሕመም ፈቃድ         (Sick Leave),በሕመም ምክንያት መሥራት የማይችል ተፈቃዳሪ ሠራተኛ,ሕመም ሲከሰት,በ12 ወር ውስጥ እስከ 6 ወር,1ኛ ወር 100%፣ 2ኛ–3ኛ 50%፣ 4ኛ–6ኛ ያለ ክፍያ,የሕክምና ማስረጃ/Medical Certificate፣ ለአሠሪው መቅረብ አለበት
3,የወሊድ ፈቃድ            (Maternity Leave),እርጉዝ ሴት ሠራተኛ,ከመውለዷ በፊትና ከወለደች በኋላ,120 ተከታታይ ቀናት — 30 prenatal + 90 postnatal,ሙሉ ክፍያ,የሕክምና/እርግዝና ማስረጃ፣ የወሊድ ማረጋገጫ መቅረብ አለበት
4,የአባትነት ፈቃድ  (Paternity Leave),ወንድ ሠራተኛ,ሚስቱ/የልጁ እናት ስትወልድ,3 ተከታታይ ቀናት,ሙሉ ክፍያ,የልጅ መወለድ ማስረጃ / የሆስፒታል ማስረጃ መቅረብ አለበት
5,የጋብቻ ፈቃድ    (Marriage Leave),ራሱ ጋብቻ የሚፈጽም ሠራተኛ,የራሱ ጋብቻ ሲፈጸም,3 የሥራ ቀናት,ሙሉ ክፍያ,የጋብቻ ማስረጃ/Marriage Certificate ወይም ተቀባይነት ያለው ማስረጃ መቅረብ አለበት
6,የሐዘን ፈቃድ (Bereavement Leave),በተጠቀሱ የቅርብ ዘመዶች ሞት የተጎዳ ሠራተኛ,ቀጥተኛ ዝምድና ያላቸው እንደ የትዳር አጋር፣ ልጅ፣ ወላጅ፣ ወንድም/እህት ፣እናት/አባት የመሳሰሉት ሲሞት,3 የሥራ ቀናት,ሙሉ ክፍያ,የሞት ማስረጃ፣ የዝምድና ማስረጃ ካስፈለገ መቅረብ አለበት
7,ልዩ/ከባድ ክስተት ፈቃድ (Exceptional Leave),በልዩና ከባድ የግል/ቤተሰብ ሁኔታ ያለ ሠራተኛ,ልዩና ከባድ ክስተት ሲፈጠር,እስከ 5 ተከታታይ ቀናት፤ በበጀት ዓመት ከ2 ጊዜ አይበልጥም,ያለ ክፍያ,የክስተቱን እውነታ የሚያረጋግጥ ማስረጃ ካስፈለገ
8,የሕግ/ፍርድ ቤት/ምስክርነት ፈቃድ,በሕጋዊ ጉዳይ መገኘት የሚጠበቅበት ሠራተኛ,በCourt/Tribunal/ሕጋዊ ሂደት መገኘት ሲኖር,አስፈላጊው ጊዜ,በሕጉ መሠረት ከክፍያ ጋር,Summons፣ Court/Tribunal notice ወይም ሌላ የሕግ ሰነድ መቅረብ አለበት
9,የምርጫ ፈቃድ,ሕጋዊ የምርጫ መብቱን ለመጠቀም የሚፈልግ ሠራተኛ,የምርጫ ቀን/በምርጫ ሂደት ላይ ለመሳተፍ,አስፈላጊው ጊዜ,ከክፍያ ጋር,የምርጫ ሂደት ማስረጃ መቅረብ አለበት
10,ከክፍያ ነጻ ፈቃድ ,ለማንኛውም ሰራተኛ,ሰራተኛው ሲጠይቅ 5-30 ቀናት ከአቅም በላይ በሆነ ምክንያቶች ካጋጠሙት  ከሃላፊው ጋር ተነጋግሮ ከክፍያ ነጻ ፈቃድ መውጣት ይችላል  እንዲሁም ድርጅቱ የፋይናንሻል ችግር ካጋጠመው ወይም ከተማው ውስጥ የፀጥታ ችግር እንዲሁም  ከአቅም በላይ በሆኑ ምክንያቶች ካሉ 10-30 ከክፍያ ነፃ ማሳረፍ ይችላል ,ከ 5 እስከ 30 ቀናት,ያለ ክፍያ,በሰራተኛው ፍላጎት ከሆነ ሰራተኛው የሚያቀርበው በቂ አሳማኝ ማስረጃ መኖር አለበት እንዲሁም በድርጅቱ ፍላጎት ከሆነ መቼ ይሰጣል በሚለው ስር በተገለፃው መልኩ 
11,የእርግዝና ምርመራ ፈቃድ,እርጉዝ ሴት ሠራተኛ,ከእርግዝና ጋር የተያያዘ ሕክምና ሲያስፈልግ,እንደ ሕክምናው ፍላጎት,ከክፍያ ጋር,የሕክምና ቀጠሮ/Medical evidence መቅረብ አለበት
12,የትምህርት/ሥልጠና ፈቃድ,በትምህርት/ሥልጠና ላይ የሚሳተፍ ሠራተኛ,ተቋሙ/ድርጅቱ ሲፈቅድ እና በWork Rules/Collective Agreement ሲኖር,በስምምነት/የድርጅቱ ስራ በማይጎዳ መልኩ,በስምምነት/የድርጅቱ ስራ በማይጎዳ መልኩ,Admission/Training Letter፣ Schedule፣ የትምህርት ተቋሙ ማስረጃ መቅረብ አለበት
