Employee TIN:,Employee Full Name:,Start Date:,End Date:,Basic Salary:,Transport Allowance:,Taxable Transport Allowance:,Over Time:,Other Taxable Benefit:,Total Taxable:,Tax withheld: ,Cost Sharing:
,Assefa Lemma,10/11/2024,,1564.79,600,1035,2037.486979,1000,5637.276979,627.4553958,0
,Andualem Asheber,10/11/2024,,303.248,77.98,0,0,0,303.248,0,0
,Amanuale Alemayehu ,10/11/2024,,758.12,385,300,0,500,1558.12,0,0
,Kaleb Bheru,10/11/2024,,758.12,600,478,444.2109375,500,2180.330938,27.04964063,0
,Gemechu Mamuly,10/11/2024,,758.12,600,478,444.2109375,500,2180.330938,27.04964063,0
,Nejib Zakir,10/11/2024,,758.12,600,478,444.2109375,500,2180.330938,27.04964063,0
,Abdurahmn Jemale,10/11/2024,,758.12,600,478,444.2109375,500,2180.330938,27.04964063,0
,Temasgan Dejene ,10/11/2024,,758.12,600,478,444.2109375,500,2180.330938,27.04964063,0
,Fentansh Awoke,10/11/2024,,740.09,600,580,799.836849,0,2119.926849,17.98902734,0
,Temesgen Bekele,10/11/2024,,752.14,600,466,419.1613542,660,2297.301354,44.59520313,0
,Mnegesha Zegaye,10/11/2024,,1600,600,917.5,872.9166667,1000,4390.416667,378.0833333,0
,Duresa Mohammed ,10/11/2024,,484,0,0,0,0,484,0,0
,Tadele Abate ,10/11/2024,,1600,570,917.5,972.9166667,1000,4490.416667,398.0833333,0
,Beshir Nasero,10/11/2024,,2000,600,1127.3,1447.916667,1100,5675.216667,635.0433333,0
,Zakire Abamgale,10/11/2024,,1264.79,600,870,823.4309896,1403,4361.22099,372.2441979,0
,Nuru Emabati,10/11/2024,,1400,600,892,670.8333333,800,3762.833333,264.425,0
,Jemal Ibrahim,10/11/2024,,1264.79,600,630,2331.956563,760,4986.746563,497.3493125,0
,Abdurahiman Adam,10/11/2024,,1400,600,660.01,902.34375,800,3762.35375,264.3530625,0
,Dari Aman Geleto,10/11/2024,,1400,600,660.01,902.34375,800,3762.35375,264.3530625,0
,Kenesa mulugeta,10/11/2024,,1400,600,858.4,904.1666667,600,3762.566667,264.385,0
,Abdu Sabeseb ,10/11/2024,,1260,538.39,868.5,574.21875,650,3352.71875,202.9078125,0
,Chala Kasim,10/11/2024,,1400,600,858.4,904.1666667,600,3762.566667,264.385,0
,Malele Ahemaden,10/11/2024,,1400,400,894,904.1666667,800,3998.166667,299.725,0
,Dita Bati,10/11/2024,,1400,400,894,904.1666667,800,3998.166667,299.725,0
,Tarkegne Terfu,10/11/2024,,1000,218.29,0,317.7083333,400,1717.708333,0,0
,Mara Alo ,10/11/2024,,295.1176667,124.84,0,0,0,295.1176667,0,0
,Ahimed Tadesse ,10/11/2024,,801.0336667,282.74,354.75,383.8286319,506.6666667,2046.278965,6.941844792,0
,Matiwose Gabere,10/11/2024,,1264.79,600,870,816.8435417,800,3751.633542,262.7450313,0
,Nure Awel,10/11/2024,,1264.79,600,870,816.8435417,800,3751.633542,262.7450313,0
,Amanueal Alemayhu,10/11/2024,,1264.79,600,870,816.8435417,800,3751.633542,262.7450313,0
,Aserat Asefaw,10/11/2024,,1264.79,600,870,816.8435417,800,3751.633542,262.7450313,0
,Abeywork Aleya ,10/11/2024,,1264.79,600,870,816.8435417,800,3751.633542,262.7450313,0
,Maseresha Abariga ,10/11/2024,,1264.79,600,870,816.8435417,800,3751.633542,262.7450313,0
,Shemesu Laresa ,10/11/2024,,1500,600,1078.31,1085.9375,800,4464.2475,392.8495,0
,Asechalew Melak,10/11/2024,,1500,600,1120.31,960.9375,800,4381.2475,376.2495,0
,Yesuf Musa,10/11/2024,,1264.79,600,870,816.8435417,800,3751.633542,262.7450313,0
,Ashenafi Reta,10/11/2024,,1264.79,600,630,2331.956563,760,4986.746563,497.3493125,0
,Yekeber Asechalew,10/11/2024,,1264.79,600,870,816.5141693,800,3751.304169,262.6956254,0
,Kalil Nusradin ,10/11/2024,,716.7143333,590,591,345.2920616,573.3333333,2226.339728,33.95095924,0
,Bezabeh Bemula,10/11/2024,,1264.79,600,870,816.5141693,800,3751.304169,262.6956254,0
,Liyu Abate,10/11/2024,,1264.79,600,870,816.5141693,800,3751.304169,262.6956254,0
,Nesru Abajehde,10/11/2024,,1264.79,600,870,816.5141693,800,3751.304169,262.6956254,0
,Natnal Abush,10/11/2024,,1264.79,600,870,816.5141693,800,3751.304169,262.6956254,0
,kalid Sayefu,10/11/2024,,1264.79,539,754,599.128388,693.3333333,3311.251721,196.6877582,0
,Asenake Belay,10/11/2024,,590.2353333,155.78,0,95.29841319,0,685.5337465,0,0
,Temesgen Tamerat ,10/11/2024,,969.6723333,457.68,754,378.5257364,693.3333333,2795.531403,119.3297105,0
,Andualem Abera ,10/11/2024,,1264.79,600,870,816.5141693,800,3751.304169,262.6956254,0
,Adane Alebachew ,10/11/2024,,1264.79,600,870,816.5141693,800,3751.304169,262.6956254,0
,Denku Besrat ,10/11/2024,,1180.470667,356.68,754,460.8139399,693.3333333,3088.61794,163.292691,0
,Menashu Tadese,10/11/2024,,2000,600,400,1250,1400,5050,510,0
,Tamerat Mengistu,10/11/2024,,1264.79,600,870,816.5141693,800,3751.304169,262.6956254,0
,Seid Mohammed,10/11/2024,,1264.79,600,870,816.5141693,800,3751.304169,262.6956254,0
,Umer Hussien,10/11/2024,,1350,600,868,1150.488281,1000,4368.488281,373.6976563,0
,Amanuel Alemu,10/11/2024,,758.874,232.38,0,260.8629375,400,1419.736938,0,0
,Belete Yalew ,10/11/2024,,1350,600,868,1150.488281,1000,4368.488281,373.6976563,0
,Amebachew Gelanu ,10/11/2024,,1350,600,1003,1150.488281,1300,4803.488281,460.6976563,0
,Filkeworke Zergaw,10/11/2024,,1264.79,600,870,2051.660654,800,4986.450654,497.2901307,0
,Awol Mohammed ,10/11/2024,,1264.79,600,870,1426.182474,800,4360.972474,372.1944948,0
,Geziew Negusu,10/11/2024,,1264.79,600,870,1426.182474,800,4360.972474,372.1944948,0
,Abera Mengesha,10/11/2024,,1264.79,600,870,2051.660654,800,4986.450654,497.2901307,0
,Elias Gebeyehu,10/11/2024,,1464.79,544.28,870,1213.029219,900,4447.819219,389.5638438,0
,Bereket Gemol Goze,10/11/2024,,1264.79,600,870,816.5141693,800,3751.304169,262.6956254,0
,Ansar Naser,10/11/2024,,1264.79,600,870,816.5141693,800,3751.304169,262.6956254,0
,kider Ahmed,10/11/2024,,1264.79,600,870,816.5141693,800,3751.304169,262.6956254,0
,Ahimed Gosisa,10/11/2024,,337.2773333,152.33,0,0,200,537.2773333,0,0
,Bonesa Kelecho,10/11/2024,,1264.79,600,870,816.5141693,800,3751.304169,262.6956254,0
,Elias Abayenh,10/11/2024,,1264.79,600,870,816.5141693,800,3751.304169,262.6956254,0
,Sirage Ali,10/11/2024,,1264.79,600,870,816.5141693,800,3751.304169,262.6956254,0
,mulatu Asenake,10/11/2024,,1464.79,544.28,870,1213.029219,900,4447.819219,389.5638438,0
,Esrael Meteke ,10/11/2024,,1053.991667,301,638,551.698763,586.6666667,2830.357096,124.5535645,0
,Chala Berhanu,10/11/2024,,1264.79,600,870,816.5141693,800,3751.304169,262.6956254,0
,Temesgen Gezahegne,10/11/2024,,421.5966667,87.92,203,0,250,874.5966667,0,0
,Ali Hussen,10/11/2024,,1138.311,522.95,870,551.3693906,800,3359.680391,203.9520586,0
,Abenet Mengistu ,10/11/2024,,1180.470667,583.19,870,599.4577604,800,3449.928427,217.4892641,0
,Mubarek Nuradin,10/11/2024,,1464.79,544.28,870,1213.029219,900,4447.819219,389.5638438,0
,Habete Benti ,10/11/2024,,1464.79,544.28,870,1213.029219,900,4447.819219,389.5638438,0
,Andarge Tadele,10/11/2024,,1464.79,600,1694,1319.836823,1150,5628.626823,625.7253646,0
,Menatisinot Kinde ,10/11/2024,,1169.93,600,1000,2064.13431,744,4978.06431,495.612862,0
,Techane Tesema Ankure,10/11/2024,,1264.79,600,870,1426.182474,800,4360.972474,372.1944948,0
,Bonesa Guta ,10/11/2024,,1264.79,600,870,1426.182474,800,4360.972474,372.1944948,0
,Henok Eshetachew ,10/11/2024,,1096.151333,597,430,562.3484705,300,2388.499804,58.27497057,0
,Tekalegne Terfe,10/11/2024,,632.395,146.13,0,0,0,632.395,0,0
,Megersa Workneh,10/11/2024,,1169.93,600,1000,2064.13431,744,4978.06431,495.612862,0
,Tofik Kasim,10/11/2024,,1264.79,600,870,1048.557022,800,3983.347022,297.5020533,0
,MESAY WORKNEH,10/11/2024,,1264.79,600,870,816.5141693,800,3751.304169,262.6956254,0
,Safeze Taju,10/11/2024,,1264.79,600,870,816.5141693,800,3751.304169,262.6956254,0
,Sultan Yasin ,10/11/2024,,1264.79,600,870,816.5141693,800,3751.304169,262.6956254,0
,Said muhiya,10/11/2024,,1464.79,558.35,1200,1502.935573,1200,5367.725573,573.5451146,0
,Yohanese Surafyle,10/11/2024,,1264.79,600,870,2051.660654,800,4986.450654,497.2901307,0
,Mulugeta Tarekagi,10/11/2024,,1264.79,600,870,2051.660654,800,4986.450654,497.2901307,0
,Fekeru Gebryes,10/11/2024,,843.1933333,201.33,150,0,0,993.1933333,0,0
,Geteye Fekadu,10/11/2024,,1264.79,600,870,2051.660654,800,4986.450654,497.2901307,0
,Alebachew Kindu ,10/11/2024,,1464.79,561.38,1300,1502.935573,1200,5467.725573,593.5451146,0
,Adissu Kinda,10/11/2024,,1464.79,561.38,1300,1502.935573,1200,5467.725573,593.5451146,0
,Tehay Bekele ,10/11/2024,,843.1933333,101.33,0,0,0,843.1933333,0,0
,GETACHEW Shacho,10/11/2024,,1264.79,600,870,2051.660654,800,4986.450654,497.2901307,0
,Endiriyas Kasayehu,10/11/2024,,1264.79,600,870,1426.182474,800,4360.972474,372.1944948,0
,kedela Feyesa,10/11/2024,,1264.79,600,870,816.5141693,800,3751.304169,262.6956254,0
,Getenat  Aweraris Belet,10/11/2024,,1264.79,600,870,816.5141693,800,3751.304169,262.6956254,0
,Alazar Abebe,10/11/2024,,1264.79,600,870,816.5141693,800,3751.304169,262.6956254,0
,Tefera Gasharo,10/11/2024,,1264.79,600,870,816.5141693,800,3751.304169,262.6956254,0
,Sabir Sultan ,10/11/2024,,1264.79,600,870,816.5141693,800,3751.304169,262.6956254,0
,Muluken Mengesha,10/11/2024,,1264.79,600,870,816.5141693,800,3751.304169,262.6956254,0
,Mukitar Sirag ,10/11/2024,,1264.79,506.55,870,1528.946661,1000,4663.736661,432.7473323,0
,Etanesh Tadesse,10/11/2024,,1264.79,600,834,795.4343359,500,3394.224336,209.1336504,0
,Elsabet Amare,10/11/2024,,1264.79,600,834,795.4343359,500,3394.224336,209.1336504,0
,Elyas Alemu,10/11/2024,,733.095,186.84,0,251.0468555,213.3333333,1197.475189,0,0
,Mubarek Eshetu,10/11/2024,,1466.19,600,1065,1672.372969,1425,5628.562969,625.7125938,0
,Anwar Faris,10/11/2024,,632.395,417.47,435,105.3991667,620,1792.794167,0,0
,Abdurahiman Hamedu,10/11/2024,,1466.19,600,1065,1672.372969,800,5003.562969,500.7125938,0
,Bayu Endale ,10/11/2024,,1466.19,600,1065,1672.372969,800,5003.562969,500.7125938,0
,Alebachew Garayina,10/11/2024,,1466.19,600,1065,1672.372969,800,5003.562969,500.7125938,0
,Matiwos Toneja ,10/11/2024,,1466.19,600,1065,1672.372969,800,5003.562969,500.7125938,0
,Sawazim Modin ,10/11/2024,,1466.19,600,1065,1672.372969,800,5003.562969,500.7125938,0
,Esmel Mohammed ,10/11/2024,,590.2353333,552,406,252.0796736,373.3333333,1621.64834,0,0
,Destaw  Felat,10/11/2024,,1466.19,600,1065,1672.372969,800,5003.562969,500.7125938,0
,Destaw  Chalekulet ,10/11/2024,,1466.19,600,1039,1281.007148,800,4586.197148,417.2394297,0
,Habtam Tadesse ,10/11/2024,,337.2773333,20,0,0,0,337.2773333,0,0
,Degefaw Tarkegn,10/11/2024,,4850,600,1676.4,2658.658854,2800,11985.05885,2245.517656,0
,Abebayehu Bekele,10/11/2024,,2466.19,600,1098,1351.908841,1424.8,6340.898841,768.1797682,0
,Yesuf Ali Beshir,10/11/2024,,1466.19,600,1065,1672.372969,1425,5628.562969,625.7125938,0
,Akililu GebereEgzihabhar,10/11/2024,,904.2696667,75.03,0,0,0,904.2696667,0,0
,Munayir Abadisa,10/11/2024,,1466.19,600,1065,1672.372969,1425,5628.562969,625.7125938,0
,Tariku Emiru,10/11/2024,,1466.19,600,1065,1672.372969,1425,5628.562969,625.7125938,0
,Alemayehu deneke ,10/11/2024,,1466.19,600,1065,1672.372969,1425,5628.562969,625.7125938,0
,Amesaw Aseffa,10/11/2024,,1466.19,600,1065,1672.372969,1425,5628.562969,625.7125938,0
,Tigabu Fetahun,10/11/2024,,1179.714,384.26,968,594.4652578,1078.2,3820.379258,273.0568887,0
,Kiros Shume ,10/11/2024,,986.476,165.58,0,0,200,1186.476,0,0
,Tarekegi Yetagesu,10/11/2024,,1466.19,600,1065,1672.372969,1425,5628.562969,625.7125938,0
,Tadel Damet,10/11/2024,,1466.19,600,1065,1672.372969,1425,5628.562969,625.7125938,0
,mohammed kedir,10/11/2024,,1466.19,600,1065,1672.372969,1425,5628.562969,625.7125938,0
,Kindu Desale,10/11/2024,,1466.19,600,1065,1672.372969,1425,5628.562969,625.7125938,0
,Lamsegene Tiruneh,10/11/2024,,1466.19,600,1065,1672.372969,1425,5628.562969,625.7125938,0
,Berihun Wase ,10/11/2024,,1466.19,600,1065,1672.372969,1425,5628.562969,625.7125938,0
,Melekamu Getenet ,10/11/2024,,1179.714,402.26,579,594.4652578,800,3153.179258,172.9768887,0
,Yohannes deyam ,10/11/2024,,2193.2,600,1030,1490.690625,978.5,5692.390625,638.478125,0
,Diras Tadesse ,10/11/2024,,1466.19,600,1065,1672.372969,1425,5628.562969,625.7125938,0
,Amanuiel Beyen Dana,10/11/2024,,1466.19,600,1065,1672.372969,1425,5628.562969,625.7125938,0
,kabe Abatemam,10/11/2024,,1466.19,600,1065,1672.372969,1425,5628.562969,625.7125938,0
,Temesgen Tariku,10/11/2024,,1068.682333,105.13,0,0,0,1068.682333,0,0
,Yebalu musse ,10/11/2024,,1068.682333,201,0,428.5861441,210,1707.268477,0,0
,Desale Asefa,10/11/2024,,822.0633333,182,0,137.0105556,200,1159.073889,0,0
,Balengo Bafi,10/11/2024,,2193.2,600,1030,1490.690625,978.5,5692.390625,638.478125,0
,Gedeb Gete,10/11/2024,,2193.2,600,1030,1490.690625,978.5,5692.390625,638.478125,0
,Musetefa Abanega,10/11/2024,,1068.682333,105.13,0,0,0,1068.682333,0,0
,Meseret Meleke ,10/11/2024,,2193.2,600,1030,1490.690625,978.5,5692.390625,638.478125,0
,Birhanu Webat ,10/11/2024,,2193.2,600,1030,1490.690625,978.5,5692.390625,638.478125,0
,Andualem Akililu,10/11/2024,,1068.682333,105.13,0,0,0,1068.682333,0,0
,Getachew Debaleke,10/11/2024,,1315.301333,297.3,300,840.9022847,400,2856.203618,128.4305427,0
,Sewale Assefa,10/11/2024,,2193.2,600,1030,1490.690625,978.5,5692.390625,638.478125,0
,Mengistu yesemaw,10/11/2024,,1068.682333,111.01,0,178.1137222,0,1246.796056,0,0
,Mubark Awol ,10/11/2024,,1179.714,259.26,968,594.4652578,578.2,3320.379258,198.0568887,0
,Adanech Qorga,10/11/2024,,1466.19,600,1065,1672.372969,1425,5628.562969,625.7125938,0
,Umer Worku ,10/11/2024,,1068.682333,111.01,0,178.1137222,0,1246.796056,0,0
,Zenebe Hailu ,10/11/2024,,1466.19,600,1065,1672.372969,1425,5628.562969,625.7125938,0
,Hussen Desalegi ,10/11/2024,,1068.682333,111.01,0,178.1137222,0,1246.796056,0,0
,Eyaya Mehammod ,10/11/2024,,1572.952,524.84,1000,782.3797708,1000,4355.331771,371.0663542,0
,Aregaw Melese ,10/11/2024,,1466.19,600,1065,1672.372969,1425,5628.562969,625.7125938,0
,Aberham Boshola ,10/11/2024,,1572.952,384.12,800,679.9740417,800,3852.926042,277.9389063,0
,Demelash Alemaw ,10/11/2024,,1572.952,524.84,1000,782.3797708,1000,4355.331771,371.0663542,0
,Halid Mebira,10/11/2024,,904.2696667,75.03,0,0,0,904.2696667,0,0
,Jewar Said ,10/11/2024,,1572.952,525.84,1000,782.3797708,1000,4355.331771,371.0663542,0
,Mohammed Dawed ,10/11/2024,,904.2696667,75.03,0,0,0,904.2696667,0,0
,Manaye Haweletu,10/11/2024,,1315.301333,279.3,300,645.6622431,400,2660.963576,99.14453646,0
,Ali Mohamed Said,10/11/2024,,1315.301333,313.15,788,645.6622431,400,3148.963576,172.3445365,0
,Ademas Adenako,10/11/2024,,1315.301333,253.3,0,645.6622431,300,2260.963576,39.14453646,0
,sameson bekele ,10/11/2024,,1315.301333,353.08,300,755.2706875,400,2770.572021,115.5858031,0
,Umer Jemal ,10/11/2024,,1466.19,600,1065,1672.372969,1425,5628.562969,625.7125938,0
,Tigestu Getenet,10/11/2024,,1268.79,600,870,812.8185938,800,3751.608594,262.7412891,0
,Sayifu Hailu,10/11/2024,,1268.79,600,870,812.8185938,800,3751.608594,262.7412891,0
,Marye Tekeba,10/11/2024,,1264.79,600,870,776.4954232,2075,4986.285423,497.2570846,0
,Abebaw Edegaraw,10/11/2024,,1264.79,600,870,1048.557022,1423,4606.347022,421.2694044,0
,Habetamu Setegn,10/11/2024,,1264.79,600,870,1048.557022,800,3983.347022,297.5020533,0
,Amire Abaynebo,10/11/2024,,1264.79,600,870,1048.557022,800,3983.347022,297.5020533,0
,Dereje Lebarema,10/11/2024,,1264.79,600,870,1048.557022,800,3983.347022,297.5020533,0
,Bedane Bedesa ,10/11/2024,,1264.79,600,870,1048.557022,800,3983.347022,297.5020533,0
,Gashaw Meketaw,10/11/2024,,1264.79,600,2600,1074.906814,2000,6939.696814,887.9393628,0
,Gelana Denedana,10/11/2024,,1264.79,600,870,1048.557022,800,3983.347022,297.5020533,0
,Mencha Bateno,10/11/2024,,1264.79,534.69,870,1048.557022,800,3983.347022,297.5020533,0
,Chelot Mekwnant,10/11/2024,,1268.79,600,870,812.8185938,800,3751.608594,262.7412891,0
,lejalem Getachew,10/11/2024,,1268.79,600,870,812.8185938,800,3751.608594,262.7412891,0
,Mesafint  Melkalem,10/11/2024,,1268.79,600,870,812.8185938,800,3751.608594,262.7412891,0
,Yatemwork Endris ,10/11/2024,,1184.204,540,812,758.6306875,746.6666667,3501.501354,225.2252031,0
,Amelak Tessema,10/11/2024,,252.958,30.75,0,0,0,252.958,0,0
,Beruke Abebe,10/11/2024,,1527.5,303,532.5,190.9375,400,2650.9375,97.640625,0
,Abedu Husien,10/11/2024,,1527.5,109.93,532.5,190.9375,922,3172.9375,175.940625,0
,Mustefa Jemal Adem ,10/11/2024,,1527.5,303,532.5,190.9375,400,2650.9375,97.640625,0
,Endrise Said Muye,10/11/2024,,1527.5,303,532.5,190.9375,400,2650.9375,97.640625,0
,Mamo Amelo,10/11/2024,,2466.19,600,1098,1351.908841,1424.8,6340.898841,768.1797682,0
,AbedelKeder Masero,10/11/2024,,2413.53,600,870,1627.875703,800,5711.405703,642.2811406,0
,Hamesalu Abay,10/11/2024,,2413.53,600,870,1627.875703,800,5711.405703,642.2811406,0
,Hassen Awol ,10/11/2024,,2413.53,600,870,1627.875703,800,5711.405703,642.2811406,0
,Badge Ochila,10/11/2024,,2413.53,600,870,1627.875703,800,5711.405703,642.2811406,0
,Endalekaw Mare,10/11/2024,,2413.53,600,870,1627.875703,1425,6336.405703,767.2811406,0
,Tiliku Ayechilum ,10/11/2024,,2172.177,600,1000,1520.241064,1000,5692.418064,638.4836129,0
,Zenabu Wreta ,10/11/2024,,804.51,199.05,201.6733333,134.085,0,1140.268333,0,0
,Ashenafi Kuma ,10/11/2024,,2413.53,596.29,500,1802.290957,1000,5715.820957,643.1641914,0
,Alemu Debe,10/11/2024,,2413.53,596.29,500,1802.290957,1000,5715.820957,643.1641914,0
,Tilahun Fante  ,10/11/2024,,2466.19,337.05,0,1403.287799,800,4669.477799,433.8955599,0
,Mikiyas Teshome,10/11/2024,,2466.19,600,1098,1351.908841,1424.8,6340.898841,768.1797682,0
,Anewar Dawed,10/11/2024,,2413.53,600,870,1627.875703,800,5711.405703,642.2811406,0
,Kedero Alemu,10/11/2024,,2413.53,600,870,1627.875703,800,5711.405703,642.2811406,0
,Wasihun Negusie,10/11/2024,,2413.53,600,870,1627.875703,800,5711.405703,642.2811406,0
,seid wonde,10/11/2024,,2413.53,600,870,1627.875703,800,5711.405703,642.2811406,0
,Daniel Abebe,10/11/2024,,2413.53,600,870,1627.875703,800,5711.405703,642.2811406,0
,Yehune Tadele ,10/11/2024,,2668.14,600,1700,2322.463008,1800,8490.603008,1272.650752,0
,Temsgen Matiyase,10/11/2024,,2668.14,600,1700,2322.463008,1800,8490.603008,1272.650752,0
,Yetagesu Berhanu,10/11/2024,,3000,600,870,1804.6875,1338.73,7013.4175,903.354375,0
,Meteku Totaro,10/11/2024,,2055,600,930.2,1269.658203,800,5054.858203,510.9716406,0
,Yaya Mehommed ,10/11/2024,,2055,600,930.2,1269.658203,800,5054.858203,510.9716406,0
,Yirdaw Endale,10/11/2024,,733.095,301,200,183.27375,300,1416.36875,0,0
,feyesa Keleto,10/11/2024,,1855,500,769.5,695.625,800,4120.125,324.025,0
,Metiku Demese ,10/11/2024,,1855,500,769.5,695.625,800,4120.125,324.025,0
,Feta Dubal,10/11/2024,,618.3333333,207,0,51.52777778,0,669.8611111,0,0
,Tazebew Semagaw ,10/11/2024,,309.1666667,45.47,0,0,0,309.1666667,0,0
,Tagay Adem ,10/11/2024,,309.1666667,45.47,0,0,0,309.1666667,0,0
,Ejigu Aledera,10/11/2024,,1264.79,600,870,816.8435417,800,3751.633542,262.7450313,0
,Mohammed sirad,10/11/2024,,1264.79,600,870,816.8435417,800,3751.633542,262.7450313,0
,Tamerat Adane,10/11/2024,,1264.79,600,870,816.8435417,800,3751.633542,262.7450313,0
,Mola Zewdu,10/11/2024,,2413.53,600,1000,1483.315313,815,5711.845313,642.3690625,0
,Berihun Mulugeta ,10/11/2024,,2413.53,600,1000,1483.315313,815,5711.845313,642.3690625,0
,Alehagi Wadu kebede,10/11/2024,,2413.53,600,1000,1618.447852,1305,6336.977852,767.3955703,0
,Tujar Ahmedin ,10/11/2024,,2413.53,600,1000,1483.315313,815,5711.845313,642.3690625,0
,Tamerat Chonse,10/11/2024,,321.804,66.72,0,0,0,321.804,0,0
,Amanuiel Teshager Tesfu,10/11/2024,,2413.53,518,617,1458.174375,700,5188.704375,537.740875,0
,Bishaw Mesle Ewentie,10/11/2024,,2413.53,518,617,1458.174375,700,5188.704375,537.740875,0
,Mesganaw Getachew,10/11/2024,,2200,563.79,300,870.8333333,500,3870.833333,280.625,0
,Bezuayew Tameru,10/11/2024,,880,311.6,0,73.33333333,680,1633.333333,0,0
,Tigist Gadu,10/11/2024,,2000,574.6,1063,1156.25,1200,5419.25,583.85,0
,Mareta Aseku,10/11/2024,,340,74.11,0,79.6875,170,589.6875,0,0
,Ferehiwot Yonas ,10/11/2024,,1450,526,473.3333333,468.2291667,560,2951.5625,142.734375,0
,Tigest Tsgaye,10/11/2024,,2300,600,993,1233.854167,1800,6326.854167,765.3708333,0
,Meron Tasew ,10/11/2024,,2137.3,486.62,900,737.4798177,837.3,4612.079818,422.4159635,0
,Genet Wekede Rufayel,10/11/2024,,1800.87,291.11,283.4666667,595.6002344,620,3299.936901,194.9905352,0
,Simegn Ayenew,10/11/2024,,2000,600,921,1114.583333,689.7,4725.283333,445.0566667,0
,Etalem Teshale,10/11/2024,,1737.09,585.9,400,257.8492969,400,2794.939297,119.2408945,0
,Shetaye Alemu ,10/11/2024,,1737.09,585.9,400,257.8492969,400,2794.939297,119.2408945,0
,Beletu Terefe ,10/11/2024,,217,58.19,0,0,40,257,0,0
,Yemisrach Dubale,10/11/2024,,2000,600,1100,1075.520833,1000,5175.520833,535.1041667,0
,Kidest Habetamu,10/11/2024,,1866.666667,600,847.5,712.1527778,800,4226.319444,345.2638889,0
,Kidist Alemu ,10/11/2024,,1440,530.92,300,577.5,0,2317.5,47.625,0
,Lilisa Asefaw ,10/11/2024,,2500,600,950,1419.270833,2100,6969.270833,893.8541667,0
,Yeserash Temerga ,10/11/2024,,1737.09,600,210.4,180.946875,485.25,2613.686875,92.05303125,0
,Eikeram Mohamed,10/11/2024,,1742.09,549.25,731.17,349.3253385,910,3732.585339,259.8878008,0
,Lemelem Bekele,10/11/2024,,1866.666667,600,803.65,943.0555556,800,4413.372222,382.6744444,0
,Selam Shuna,10/11/2024,,1000,390,0,0,480,1480,0,0
,sefen Shuna,10/11/2024,,1000,390,0,0,480,1480,0,0
,Aster Getachew,10/11/2024,,1866.666667,600,859.5,700,800,4226.166667,345.2333333,0
,Zeyaba Abdilkadir,10/11/2024,,1000,390,0,0,480,1480,0,0
,Ayesha Abedureheman,10/11/2024,,1546.666667,532.1,211,229.5833333,220,2207.25,31.0875,0
,kuluagersh Shekure,10/11/2024,,1866.666667,600,803.65,943.0555556,800,4413.372222,382.6744444,0
,Harewine Tezera ,10/11/2024,,1737.09,529.6,211.5,262.3729688,485.5,2696.462969,104.4694453,0
,Fikirta Gezu ,10/11/2024,,1542.09,222.09,0,277.0942969,0,1819.184297,0,0
,Rukiya Gezu,10/11/2024,,1542.09,222.09,0,277.0942969,0,1819.184297,0,0
,Kedja Shanko,10/11/2024,,2506.69,600,630,1197.858372,760,5094.548372,518.9096745,0
,Emiti Qnde,10/11/2024,,1140.09,600,211,375.5765234,485.5,2212.166523,31.82497852,0
,Elsabet Belayneh,10/11/2024,,1026.081,508.03,211,271.2167227,485.5,1993.797723,0,0
,Zenebech Girma,10/11/2024,,1140.09,600,211,375.5765234,485.5,2212.166523,31.82497852,0
,Sara Juhar,10/11/2024,,1140.09,510,211,375.5765234,485.5,2212.166523,31.82497852,0
,Tadelech WeledeHana,10/11/2024,,1140.09,600,211,375.5765234,485.5,2212.166523,31.82497852,0
,wasen Bekele,10/11/2024,,740.09,111.72,0,0,0,740.09,0,0
,mekidas Getenet ,10/11/2024,,1140.09,600,211,375.5765234,485.5,2212.166523,31.82497852,0
,Emebet Alemayhu,10/11/2024,,973.54,581,211,247.1878906,485.5,1917.227891,0,0
,Felekech Begna,10/11/2024,,430.14,0,0,0,0,430.14,0,0
,Asnaku Gurmesa ,10/11/2024,,740.09,300,127.5,0,384.5333333,1252.123333,0,0
,Gete Teka,10/11/2024,,740.09,300,127.5,0,384.5333333,1252.123333,0,0
,Alemitu Abebe,10/11/2024,,2123.38,493,196.56,1230.34388,469.3166667,4019.600547,303.9201094,0
,Soreti Dereta ,10/11/2024,,2000,553,422,361.9791667,769.0666667,3553.045833,232.956875,0
,Mekdes Belete,10/11/2024,,2486.29,600,665,819.051263,760,4730.341263,446.0682526,0
,Zekia Kemal,10/11/2024,,1038.59,600,294,632.8907813,485.5,2450.980781,67.64711719,0
,Wogayehu Mindahun,10/11/2024,,1038.59,600,376,632.8907813,485.5,2532.980781,79.94711719,0
,Chaletu Gutema,10/11/2024,,1837.2,600,630,808.559375,760,4035.759375,307.151875,0
,Bizunesh Legese,10/11/2024,,1957.5,600,764.83,874.2480469,800,4396.578047,379.3156094,0
,Tigist Sntayehu,10/11/2024,,1837.2,600,630,808.559375,760,4035.759375,307.151875,0
,Fetya Yasin,10/11/2024,,935.49,600,211,562.7557031,485.5,2194.745703,29.21185547,0
,Britu Mekuria,10/11/2024,,935.49,600,211,562.7557031,485.5,2194.745703,29.21185547,0
,Meron Tesfay,10/11/2024,,1837.2,600,630,808.559375,760,4035.759375,307.151875,0
,Murida Mehammed,10/11/2024,,1000,600,290.5,506.5104167,485.5,2282.510417,42.3765625,0
,Abeba Hailu,10/11/2024,,1579.29,600,717,964.4362109,840,4100.726211,320.1452422,0
,Alewya Awol,10/11/2024,,1579.29,600,717,964.4362109,840,4100.726211,320.1452422,0
,Ayal Bireda ,10/11/2024,,1579.29,450,730,964.4362109,840,4113.726211,322.7452422,0
,Zehara Awol ,10/11/2024,,1579.29,581.57,740,964.4362109,840,4123.726211,324.7452422,0
,Tehaye Hailu ,10/11/2024,,1579.29,600,630,964.4362109,840,4013.726211,302.7452422,0
,Masresha Fekadu,10/11/2024,,2500,600,800,1523.4375,1771,6594.4375,818.8875,0
,Meskerm Godiso,10/11/2024,,1000,600,215,500,485.5,2200.5,30.075,0
,Ayenalem Qeba ,10/11/2024,,565.433,265,0,0,200,765.433,0,0
,Rahema Meki,10/11/2024,,1534.59,600,630,1085.003086,760,4009.593086,301.9186172,0
,Zayneba Remedan,10/11/2024,,1000,600,215,500,485.5,2200.5,30.075,0
,Rebiya Haje,10/11/2024,,333.3333333,130,0,0,100,433.3333333,0,0
,Semira Keder,10/11/2024,,1000,600,215,500,485.5,2200.5,30.075,0
,Beleyu Weledy,10/11/2024,,1000,600,215,500,485.5,2200.5,30.075,0
,Sumeya Usman ,10/11/2024,,1534.59,600,630,1085.003086,760,4009.593086,301.9186172,0
,Muley Girmaw,10/11/2024,,2501.5,575,1400,1765.38151,2000,7666.88151,1066.720378,0
,Hirut Beregenu,10/11/2024,,1742.09,408.83,550,562.5498958,600,3454.639896,218.1959844,0
,Bezunesh Manito,10/11/2024,,1742.09,463.94,500,632.8686328,432.5,3307.458633,196.1187949,0
,Tarikua Ayele ,10/11/2024,,1742.09,408.83,550,562.5498958,600,3454.639896,218.1959844,0
,Mekides Feyesa ,10/11/2024,,1200.58,370.75,500,526.8170052,400,2627.397005,94.10955078,0
,Mehiret kochito,10/11/2024,,1742.09,300.87,550,689.5772917,600,3581.667292,237.2500938,0
,mekibib Pawelos,10/11/2024,,1020.493,335.57,283.3333333,85.04108333,400,1788.867417,0,0
,Desta Melese ,10/11/2024,,1742.09,408.83,550,562.5498958,600,3454.639896,218.1959844,0
,Tizita Akimo,10/11/2024,,1080.522,371.74,353.3333333,90.0435,350,1873.898833,0,0
,Mihiret Bekele ,10/11/2024,,1770,471,550,848.125,600,3768.125,265.21875,0
,Meretu Dereje,10/11/2024,,1770,467.56,550,467.8515625,600,3387.851563,208.1777344,0
,Webalem Anja,10/11/2024,,1742.09,408.83,550,562.5498958,600,3454.639896,218.1959844,0
,Asenake Tulosa ,10/11/2024,,1770,397.56,550,467.8515625,600,3387.851563,208.1777344,0
,Kiya Kebede,10/11/2024,,1534.59,600,702,861.2087109,1000,4097.798711,319.5597422,0
,Hermela Yonas,10/11/2024,,3500,600,1800,1358.072917,1829,8487.072917,1271.768229,0
,Tiruwork Alemayehu,10/11/2024,,1800,600,677,883.59375,760,4120.59375,324.11875,0
,Tigist Getachew,10/11/2024,,1040.09,600,211,467.2279297,485.5,2203.81793,30.57268945,0
,Worknesh Sima,10/11/2024,,1040.09,600,211,467.2279297,485.5,2203.81793,30.57268945,0
,Birhan Wasehun,10/11/2024,,1700,600,800,812.3697917,800,4112.369792,322.4739583,0
,Birtu Belete,10/11/2024,,1040.09,600,293,467.2279297,485.5,2285.81793,42.87268945,0
,Tadelech Welede Hana,10/11/2024,,778.79,600,101.7,74.02561198,0,954.515612,0,0
,Ashekar Hussen ,10/11/2024,,778.79,600,101.7,74.02561198,0,954.515612,0,0
,Tigist Ashenafi ,10/11/2024,,726.9566667,203.93,0,0,0,726.9566667,0,0
,Etanu Kureta,10/11/2024,,2300,600,993,1233.854167,1800,6326.854167,765.3708333,0
,Worknesh Kebede,10/11/2024,,1700,578.17,600,283.3333333,700,3283.333333,192.5,0
,Mestawot Ayalew,10/11/2024,,2702.14,600,200,819.7898698,640,4361.92987,372.385974,0
,Adanch Wolde,10/11/2024,,1700,578.17,600,283.3333333,700,3283.333333,192.5,0
,Chwanesh Remedan,10/11/2024,,1040.09,600,215,463.1650781,485.5,2203.755078,30.56326172,0
,Bisrat Tadesse,10/11/2024,,1700,578.17,600,283.3333333,700,3283.333333,192.5,0
,Ehitnesh Muletawe ,10/11/2024,,752.348,317.62,0,62.69566667,0,815.0436667,0,0
,Samrawit Ayele,10/11/2024,,1040.09,600,391,312.8395703,460.5,2204.42957,30.66443555,0
,Meselech Mamo,10/11/2024,,1040.09,600,391,312.8395703,460.5,2204.42957,30.66443555,0
,Hana Marekos,10/11/2024,,1065.826333,237,198.8666667,0,340,1604.693,0,0
,Nunu woldemariam,10/11/2024,,1065.826333,349,343.6666667,316.4171927,340,2065.910193,9.886528906,0
,Ayalensh Mekuria,10/11/2024,,1065.826333,170,198.8666667,0,340,1604.693,0,0
,Kidest Alemu,10/11/2024,,1040.09,530,217,543.0678255,485.5,2285.657826,42.84867383,0
,Alemaz Teshome ,10/11/2024,,1040.09,530,217,543.0678255,485.5,2285.657826,42.84867383,0
,Bezunesh Debel,10/11/2024,,2000,600,924,635.4166667,490.7,4050.116667,310.0233333,0
,Seniyet Tefri,10/11/2024,,2000,600,916,1020.833333,488.7,4425.533333,385.1066667,0
,Etalem Zewde,10/11/2024,,2000,600,1057,1187.5,1500,5744.5,648.9,0
,Sameale Asmelash,10/11/2024,,500,118.33,0,0,0,500,0,0
,Tigist Kibatu ,10/11/2024,,1226.726667,128,0,364.1844792,0,1590.911146,0,0
,Tigist Belay ,10/11/2024,,920.045,274.35,0,153.3408333,0,1073.385833,0,0
,Mare Awoke,10/11/2024,,1040.09,389,0,208.5597135,475.55,1724.199714,0,0
,Maheder Shekur,10/11/2024,,2000,600,1000,1213.541667,1300,5513.541667,602.7083333,0
,Alemenesh Assefa,10/11/2024,,1540.09,501,0,457.2142188,0,1997.304219,0,0
,Birhane Terefe,10/11/2024,,1800,600,1000,639.84375,1000,4439.84375,387.96875,0
,melkam Asekeziya ,10/11/2024,,624.054,219.66,200,144.6375156,200,1168.691516,0,0
,Roza Dagaw,10/11/2024,,277.3573333,42.06,0,0,0,277.3573333,0,0
,Hanamareyam Wendealem,10/11/2024,,2000,600,800,1562.5,938,5300.5,560.1,0
,Melishew Adane ,10/11/2024,,1957.5,524.64,1000,807.9785156,1000,4765.478516,453.0957031,0
,Tigst Aytgbe,10/11/2024,,1100,600,520,476.953125,700,2796.953125,119.5429688,0
,Selam Chekole ,10/11/2024,,1100,600,637.24,476.953125,700,2914.193125,137.1289688,0
,Tarikwa Refesa,10/11/2024,,958.11,556.8,500,224.5570313,800,2482.667031,72.40005469,0
,Etopi Lema,10/11/2024,,1300,473.96,0,455.3385417,500,2255.338542,38.30078125,0
,Werkenesh Haylu,10/11/2024,,2000,600,1058,1187.5,1680,5925.5,685.1,0
,Desta Gebisa,10/11/2024,,1300,413.4,0,277.6041667,400,1977.604167,0,0
,Eden Melese ,10/11/2024,,162,0,0,0,0,162,0,0
,Samrawit Yerga,10/11/2024,,547.652,191,0,0,0,547.652,0,0
,Asenakech Mengestie,10/11/2024,,849,410.43,0,0,0,849,0,0
,Mulunesh Ayenw,10/11/2024,,1160.206667,372.44,400,503.0583594,300,2363.265026,54.48975391,0
,Helen lilisa ,10/11/2024,,819.0666667,340.03,0,148.2425347,350,1317.309201,0,0
,Roman Nigusse ,10/11/2024,,819.0666667,340.03,200,148.2425347,350,1517.309201,0,0
,Bekelech Dadi,10/11/2024,,1534.59,553.2,200,617.4326953,300,2652.022695,97.8034043,0
,Meseret Debebe,10/11/2024,,1800,394.75,1000,1064.0625,1800,5664.0625,632.8125,0
,Chaina Desdes,10/11/2024,,1535.75,600,950,833.8642578,1065,4384.614258,376.9228516,0
,Fekert Degefaw,10/11/2024,,1535.75,600,950,833.8642578,1065,4384.614258,376.9228516,0
,Meseret Kebe,10/11/2024,,1125.366,342.68,140,370.7260391,300,1936.092039,0,0
,Sada Mohammed,10/11/2024,,1535.75,600,950,833.8642578,1065,4384.614258,376.9228516,0
,Birke ,10/11/2024,,538.3333333,0,0,0,0,538.3333333,0,0
,Addis Abdesa,10/11/2024,,1866.19,600,1065,1863.760065,930.85,5725.800065,645.160013,0
,Birke Zeleke,10/11/2024,,1098.5,600,416,154.4765625,656.79,2325.766563,48.86498438,0
,Jemila Husien,10/11/2024,,1098.5,600,416,154.4765625,656.79,2325.766563,48.86498438,0
,Tesfanesh Weldeslasie,10/11/2024,,2517.02,600,0,1396.159531,0,3913.179531,286.9769297,0
,Deberitu Darota,10/11/2024,,2517.02,600,0,1396.159531,0,3913.179531,286.9769297,0
,Zebiba Mohammed,10/11/2024,,2517.02,600,0,1396.159531,0,3913.179531,286.9769297,0
,Ayalnesh Melse,10/11/2024,,1098.5,600,416,154.4765625,656.79,2325.766563,48.86498438,0
,Zenash Yimam,10/11/2024,,1098.5,600,416,154.4765625,656.79,2325.766563,48.86498438,0
,Deberitu Abate,10/11/2024,,1098.5,600,416,154.4765625,656.79,2325.766563,48.86498438,0
,Betelham Ergete,10/11/2024,,2000,600,500,1325.520833,600,4425.520833,385.1041667,0
,Meseret Kulani,10/11/2024,,1866.666667,555.54,0,594.2708333,200,2660.9375,99.140625,0
,Desta Deme,10/11/2024,,3200,600,1000,1754.166667,2048.2,8002.366667,1150.591667,0
,Kidist Gosaye,10/11/2024,,1040.09,600,500,516.6592904,500,2556.74929,83.51239355,0
,Robedi Tamebishe,10/11/2024,,1100,571.07,700,454.0364583,800,3054.036458,158.1054688,0
,Alem Beshad,10/11/2024,,1080,600,611,551.25,600,2842.25,126.3375,0
,Derartu Amenu,10/11/2024,,1170,600,600,680.9765625,600,3050.976563,157.6464844,0
,Zenebech Fafa,10/11/2024,,1800,600,1000,1007.8125,1649.8,5457.6125,591.5225,0
,Genet Teju,10/11/2024,,1770,600,1000,1260.664063,1717,5747.664063,649.5328125,0
,Bonitu Gena,10/11/2024,,1040.09,355.67,500,516.6592904,500,2556.74929,83.51239355,0
,Mesu Niguse,10/11/2024,,1100,600,600,455.46875,605.8,2761.26875,114.1903125,0
,Damenu Germa,10/11/2024,,1100,600,600,455.46875,605.8,2761.26875,114.1903125,0
,Abaynesh Asefaw ,10/11/2024,,2000,494.17,700,1057.291667,800,4557.291667,411.4583333,0
,Yeshitu Tegawe,10/11/2024,,1057.391667,464,200,279.4928494,100,1636.884516,0,0
,Webalem Mekonene,10/11/2024,,1068.87,600,1024,487.1152344,920,3499.985234,224.9977852,0
,Emenet belay,10/11/2024,,1535.75,600,1150,861.8597005,1462,5009.609701,501.9219401,0
,Fikir Biyaregagi,10/11/2024,,1535.75,587.03,0,811.8678385,500,2847.617839,127.1426758,0
,Amin Ali,10/11/2024,,1045.25,307.92,0,0,0,1045.25,0,0
,Betelham Labebi ,10/11/2024,,1045.25,291.92,0,242.2584635,200,1487.508464,0,0
,Eribika Pawelos ,10/11/2024,,922.625,62,0,0,0,922.625,0,0
,Beshewas Baysasaw,10/11/2024,,2300,600,993,1233.854167,1800,6326.854167,765.3708333,0
,Yealega  Lewye,10/11/2024,,833.3333333,215.58,0,0,0,833.3333333,0,0
,Mehirat Desita ,10/11/2024,,1866.666667,600,905,1329.513889,850,4951.180556,490.2361111,0
,Selamawit Shemles,10/11/2024,,1692.783,530.01,412.6,141.06525,540,2786.44825,117.9672375,0
,Fate Temam ,10/11/2024,,626.9566667,464.68,0,52.24638889,0,679.2030556,0,0
,Meryiema Besher,10/11/2024,,1692.783,530.01,412.6,141.06525,540,2786.44825,117.9672375,0
,Seminesh Mulisa,10/11/2024,,1692.783,520.11,412.6,282.1305,540,2927.5135,139.127025,0
,Ekerm Abedelmena,10/11/2024,,1866.666667,593.17,1000,1305.208333,1000,5171.875,534.375,0
,Wagayie Besrat,10/11/2024,,2000,510.42,1000,1424.479167,1000,5424.479167,584.8958333,0
,Mimi Alemu ,10/11/2024,,1166.666667,250.56,0,194.4444444,0,1361.111111,0,0
,Nigistu Derese ,10/11/2024,,433.3333333,37,0,0,0,433.3333333,0,0
,Zewditu Kasa ,10/11/2024,,1500,505.57,734.83,552.734375,600,3387.564375,208.1346563,0
,Semira lira,10/11/2024,,1866.666667,600,918,892.0138889,850,4526.680556,405.3361111,0
,Muluset Gebeyahu,10/11/2024,,800,126,0,0,150,950,0,0
,Hana Tegegne,10/11/2024,,1800,600,1000,1058.203125,1800,5658.203125,631.640625,0
,Yesh Mleku,10/11/2024,,1800,600,1000,1066.40625,1166.3,5032.70625,506.54125,0
,Mofi Yetbarek ,10/11/2024,,1100,500,443.73,535.6770833,600,2679.407083,101.9110625,0
,Eferat Weletaw,10/11/2024,,1100,500,443.73,535.6770833,600,2679.407083,101.9110625,0
,Tsedale Alolo,10/11/2024,,1100,500,443.73,535.6770833,600,2679.407083,101.9110625,0
,Aster Desalegi,10/11/2024,,1800,600,469.7,337.5,600,3207.2,181.08,0
,Seble Asefa,10/11/2024,,1600,600,1600,815.625,1000,5015.625,503.125,0
,Mekidelawit mulugeta,10/11/2024,,1800,600,1000,1058.203125,1800,5658.203125,631.640625,0
,Remila Nuru ,10/11/2024,,1154,600,1000,588.2695313,1000,3742.269531,261.3404297,0
,Ayinalem HaileSlase,10/11/2024,,1040.09,500,362.5,454.3622331,700,2556.952233,83.54283496,0
,Mulu Wedaju,10/11/2024,,1570,600,1018,800.3320313,1000,4388.332031,377.6664063,0
,Mesarat Biruk ,10/11/2024,,322.8,0,0,0,0,322.8,0,0
,Asekal Kebed,10/11/2024,,2200,600,1000,1470.963542,1647,6317.963542,763.5927083,0
,Tigist Erikyihun,10/11/2024,,2000,600,1087.5,1627.604167,1047.7,5762.804167,652.5608333,0
,Habtam Belayneh,10/11/2024,,2000,600,1087.5,1627.604167,1047.7,5762.804167,652.5608333,0
,Hyimanot Belay,10/11/2024,,2000,600,1175,1627.604167,1047.7,5850.304167,670.0608333,0
,Marita Mabo,10/11/2024,,2000,483.09,1087.5,1627.604167,1047.7,5762.804167,652.5608333,0
,Abay Aseme,10/11/2024,,2000,483.09,1087.5,1627.604167,1047.7,5762.804167,652.5608333,0
,Kassech Admasu,12/10/2023,,10560,600,5600,0,18645.70238,34805.70238,10131.99583,0
,Tigist Alebachew,12/10/2023,,5250,600,3155.78,0,5101.501321,13507.28132,2702.184396,0
,Abel Tadesse,12/10/2023,,7500,600,6786.68,0,12299.80185,26586.48185,7255.268647,0
,Yirgalem Tadele,11/9/2025,,5000,600,4409.31,1844.951923,5514.551585,16768.81351,3819.084728,0
,Teshome Abebe,7/8/2025,,8800,600,6795.8,2686.538462,5812.101849,24094.44031,6383.054109,0
,Yilema Gizaw,1/3/2025,,7773.5,600,0,0,1506,9279.5,1469.875,0
,Adam Tadese,12/10/2023,,12000,600,3500,0,33503.10185,49003.10185,15101.08565,0
,Tsedinya Shimlse ,11/9/2025,,6500,600,2294.5,0,4481.801585,13276.30158,2632.890475,0
,Lidet Tsegaye,12/10/2023,,8800,600,4365,1538.942308,5812.101849,20516.04416,5130.615455,0
,Yeabsira getu,11/9/2025,,5018,600,2871.45,0,5181.801585,13071.25158,2571.375475,0
,Seble asfawu,12/10/2023,,4500,600,2220.5,0,3448.161321,10168.66132,1700.598396,0
,Aschalech Gulilat,11/9/2025,,5620,600,3775,0,5138.521585,14533.52158,3036.732555,0
,Meseret Fiker,11/9/2025,,3633.06,0,983.66,0,0,4616.72,423.344,0
,Demelash Alemu,11/9/2025,,3633.06,0,982.76,0,0,4615.82,423.164,0
,Michale Nega,12/10/2023,,1024.04,503.75,640.44,0,0,1664.48,0,0
,Kabtamu Mersha,11/9/2025,,4500,600,1400,0,2300,8200,1200,0
72648561,Rahel Eshetu ,31/12/2025,,31000,600,1508,0,2312.101849,34820.10185,10137.03565,0
,AleakeMareyam Amero,25/03/2026,,8620,600,3724,3584.759615,5007.88,20936.63962,5277.823865,0
