,Assefa Lemma,22665181429,10/11/2024,,2000,140,220
,Samson Bekele ,22665181429,10/11/2024,,1500,105,165
,Nejib Zakir,22665181429,10/11/2024,,1000,70,110
,Abdurahmn Jemale,22665181429,10/11/2024,,1000,70,110
,Temesgen Dejen Abebe ,22665181429,10/11/2024,,1000,70,110
,Abdurahmn Hamdu ,22665181429,10/11/2024,,1000,70,110
,Tenaw wedu,22665181429,10/11/2024,,1000,70,110
,Fentansh Awoke,22665181429,10/11/2024,,740.09,51.8063,81.4099
,Kalid siefu,22665181429,10/11/2024,,1500,105,165
,Temesgen Bekele,22665181429,10/11/2024,,1600,112,176
,Mnegesha Zegaye,22665181429,10/11/2024,,1600,112,176
,Tadele Abate ,22665181429,10/11/2024,,1600,112,176
,Jemal Ibrahim,22665181429,10/11/2024,,2200,154,242
,Zakire Abamgale,22665181429,10/11/2024,,1600,112,176
,Wazir Jehad Mohammed,22665181429,10/11/2024,,1400,98,154
,Dari Aman Geleto,22665181429,10/11/2024,,1400,98,154
,Kenesa mulugeta,22665181429,10/11/2024,,1400,98,154
,Muluken Mele Andarege,22665181429,10/11/2024,,1400,98,154
,Chala Kasim,22665181429,10/11/2024,,1400,98,154
,Dita Bati,22665181429,10/11/2024,,1400,98,154
,Nuru Emabati,22665181429,10/11/2024,,1400,98,154
,Destaw Felate,22665181429,10/11/2024,,1400,98,154
,Fami Endiriyas,22665181429,10/11/2024,,1400,98,154
,Muluken Tegaye,22665181429,10/11/2024,,1400,98,154
,Sead Tiume,22665181429,10/11/2024,,1400,98,154
,Yetagesu Berhanu,22665181429,10/11/2024,,2000,140,220
,Milion Tessema ,22665181429,10/11/2024,,1400,98,154
,Dawed Mohammed ,22665181429,10/11/2024,,1400,98,154
,Abederahim Ababulge ,22665181429,10/11/2024,,1400,98,154
,Saleamelak Belay ,22665181429,10/11/2024,,1400,98,154
,Ahemed Tadesse ,22665181429,10/11/2024,,1400,98,154
,Amelak Tessema ,22665181429,10/11/2024,,1400,98,154
,Cherenet Dereje,22665181429,10/11/2024,,1166.666667,81.66666667,128.3333333
,Yesuf Musa,22665181429,10/11/2024,,1400,98,154
,Abaynew Belete ,22665181429,10/11/2024,,1400,98,154
,Asechalew Melak,22665181429,10/11/2024,,746.6666667,52.26666667,82.13333333
,Ashenafi Reta,22665181429,10/11/2024,,2000,140,220
,Yekeber Asechalew,22665181429,10/11/2024,,1400,98,154
,Nesru Abajehde,22665181429,10/11/2024,,1400,98,154
,kinde ferede ,22665181429,10/11/2024,,1400,98,154
,Belay Tesfahun,22665181429,10/11/2024,,1400,98,154
,Safeze Taju,22665181429,10/11/2024,,1400,98,154
,Elyas Hibo ,22665181429,10/11/2024,,1400,98,154
,Andualem Abera ,22665181429,10/11/2024,,1400,98,154
,Balango Bafi,22665181429,10/11/2024,,1400,98,154
,Tesfaye Adelo ,22665181429,10/11/2024,,1166.666667,81.66666667,128.3333333
,Menashu Tadese,22665181429,10/11/2024,,2000,140,220
,Tamerat Mengistu,22665181429,10/11/2024,,1400,98,154
,Abyiwork Alayemeno,22665181429,10/11/2024,,1400,98,154
,Yonas Abayneh ,22665181429,10/11/2024,,1073.333333,75.13333333,118.0666667
,Umer Hussien,22665181429,10/11/2024,,1600,112,176
,Alamudin Taju ,22665181429,10/11/2024,,1400,98,154
,Filkeworke Zergaw,22665181429,10/11/2024,,2000,140,220
,Geziew Negusu,22665181429,10/11/2024,,1600,112,176
,Angachew Tadesse ,22665181429,10/11/2024,,840,58.8,92.4
,Sendeku kasse,22665181429,10/11/2024,,840,58.8,92.4
,Abera Mengesha,22665181429,10/11/2024,,2000,140,220
,Endiris Ahimed ,22665181429,10/11/2024,,1400,98,154
,Elias Gebeyehu,22665181429,10/11/2024,,1600,112,176
,Habete Ayalew ,22665181429,10/11/2024,,1400,98,154
,kider Ahmed,22665181429,10/11/2024,,1400,98,154
,Elias Abayenh,22665181429,10/11/2024,,1400,98,154
,Sirage Ali,22665181429,10/11/2024,,1400,98,154
,Esrael Meteke ,22665181429,10/11/2024,,1400,98,154
,Sategi Zewde ,22665181429,10/11/2024,,1400,98,154
,Abenet Mengistu ,22665181429,10/11/2024,,1400,98,154
,Hamede Yekisie,22665181429,10/11/2024,,1400,98,154
,Desta Yasin,22665181429,10/11/2024,,1400,98,154
,Andarge Tadele,22665181429,10/11/2024,,1600,112,176
,Techane Tesema Ankure,22665181429,10/11/2024,,2100,147,231
,Kalu Yibeltal Mekonnen ,22665181429,10/11/2024,,3000,210,330
,Mele Sewale Abebe ,22665181429,10/11/2024,,2100,147,231
,Megersa Workneh,22665181429,10/11/2024,,2000,140,220
,Tofik Kasim,22665181429,10/11/2024,,1560,109.2,171.6
,MESAY WORKNEH,22665181429,10/11/2024,,1400,98,154
,Anesar Nasser,22665181429,10/11/2024,,1400,98,154
,Sultan Yasin ,22665181429,10/11/2024,,3000,210,330
,Mulugeta Tarekagi,22665181429,10/11/2024,,1026.666667,71.86666667,112.9333333
,Geteye Fekadu,22665181429,10/11/2024,,2000,140,220
,Alebachew Kindu ,22665181429,10/11/2024,,2000,140,220
,Getenet baye,22665181429,10/11/2024,,1400,98,154
,Said Munye ,22665181429,10/11/2024,,2000,140,220
,Yebeltal Getenat ,22665181429,10/11/2024,,700,49,77
,Endalek Gashaw ,22665181429,10/11/2024,,1026.666667,71.86666667,112.9333333
,Meteku Totaro,22665181429,10/11/2024,,2000,140,220
,Mentamer Tazeb ,22665181429,10/11/2024,,2000,140,220
,Temesgan Melkamu ,22665181429,10/11/2024,,1166.666667,81.66666667,128.3333333
,GETACHEW Shacho,22665181429,10/11/2024,,2000,140,220
,Endiriyas Kasayehu,22665181429,10/11/2024,,1600,112,176
,kedela Feyesa,22665181429,10/11/2024,,1400,98,154
,Getenat  Aweraris Belet,22665181429,10/11/2024,,1400,98,154
,Tefera Gasharo,22665181429,10/11/2024,,1400,98,154
,Sabir Sultan ,22665181429,10/11/2024,,1400,98,154
,Melaku Mengesha mero,22665181429,10/11/2024,,1400,98,154
,Mukitar Sirag ,22665181429,10/11/2024,,1400,98,154
,Endiriyas Abdi Hussen ,22665181429,10/11/2024,,1400,98,154
,Etanesh Tadesse,22665181429,10/11/2024,,1264.79,88.5353,139.1269
,Elsabet Amare,22665181429,10/11/2024,,1264.79,88.5353,139.1269
,Mubarek Eshetu,22665181429,10/11/2024,,1666.666667,116.6666667,183.3333333
,Esmel Mohammed ,22665181429,10/11/2024,,2000,140,220
,Dawit Amoge ,22665181429,10/11/2024,,2000,140,220
,Habtam Tadesse ,22665181429,10/11/2024,,2000,140,220
,Mnchil kinde,22665181429,10/11/2024,,2000,140,220
,Dereje libarg,22665181429,10/11/2024,,2000,140,220
,Yehanew Dage,22665181429,10/11/2024,,1400,98,154
,Eyob Hassen,22665181429,10/11/2024,,1213.333333,84.93333333,133.4666667
,Muluken Negat ,22665181429,10/11/2024,,2000,140,220
,Degefaw Tarkegn,22665181429,10/11/2024,,4850,339.5,533.5
,Abebayehu Bekele,22665181429,10/11/2024,,2100,147,231
,Tadel Damet,22665181429,10/11/2024,,2100,147,231
,mohammed kedir,22665181429,10/11/2024,,822.0633333,57.54443333,90.42696667
,Tariku Akililu ,22665181429,10/11/2024,,2100,147,231
,Lamsegene Tiruneh,22665181429,10/11/2024,,2100,147,231
,Yohannes deyam ,22665181429,10/11/2024,,2100,147,231
,Derase Tadesse ,22665181429,10/11/2024,,2100,147,231
,Birhanu Webat ,22665181429,10/11/2024,,2100,147,231
,Adanech Qorga,22665181429,10/11/2024,,2100,147,231
,Ahimed Adam,22665181429,10/11/2024,,2100,147,231
,Endiriyas Jemal ,22665181429,10/11/2024,,2100,147,231
,Mesifin Timotiwos ,22665181429,10/11/2024,,2100,147,231
,Habetamu Haile ,22665181429,10/11/2024,,2100,147,231
,Sargot Asrar,22665181429,10/11/2024,,822.0633333,57.54443333,90.42696667
,Mohammed Adem ,22665181429,10/11/2024,,2100,147,231
,Asged Aseffa,22665181429,10/11/2024,,2100,147,231
,Adem Abedela ,22665181429,10/11/2024,,822.0633333,57.54443333,90.42696667
,Nuriye Tadesse,22665181429,10/11/2024,,2100,147,231
,Aberaraw Tamene ,22665181429,10/11/2024,,2700,189,297
,Ahmed Umer,22665181429,10/11/2024,,2100,147,231
,Shetaye Selashi ,22665181429,10/11/2024,,3000,210,330
,Anwar Hussen ,22665181429,10/11/2024,,822.0633333,57.54443333,90.42696667
,Melkamu Tessfaye ,22665181429,10/11/2024,,2100,147,231
,Melkamu Janbere ,22665181429,10/11/2024,,2100,147,231
,Awol Hussen ,22665181429,10/11/2024,,2100,147,231
,Ahemed Haji Mohammed,22665181429,10/11/2024,,2100,147,231
,Eimam Eshetu ,22665181429,10/11/2024,,2100,147,231
,Tegagi Getu ,22665181429,10/11/2024,,2100,147,231
,Jemal Mohammed ,22665181429,10/11/2024,,2100,147,231
,Tefera Geleta ,22665181429,10/11/2024,,1600,112,176
,Adissu Desalew ,22665181429,10/11/2024,,1600,112,176
,Asamsaw Tesfaye ,22665181429,10/11/2024,,1600,112,176
,Biru Mengesha ,22665181429,10/11/2024,,1600,112,176
,Balecha Dagew ,22665181429,10/11/2024,,739.857,51.78999,81.38427
,Wande Mele,22665181429,10/11/2024,,2100,147,231
,Wandealem Negusse ,22665181429,10/11/2024,,1600,112,176
,Adeno Tilahun ,22665181429,10/11/2024,,2100,147,231
,Mengistu Dange ,22665181429,10/11/2024,,2100,147,231
,mohammed Said ,22665181429,10/11/2024,,1600,112,176
,Dawit Haile ,22665181429,10/11/2024,,2100,147,231
,Mebiratu Chelebo ,22665181429,10/11/2024,,2100,147,231
,Awoke Wale ,22665181429,10/11/2024,,2100,147,231
,Kadir Odad,22665181429,10/11/2024,,1226.666667,85.86666667,134.9333333
,Amesar Amen ,22665181429,10/11/2024,,822.0633333,57.54443333,90.42696667
,Sadam Mohammed ,22665181429,10/11/2024,,328.8253333,23.01777333,36.17078667
,Aychilum Ayale,22665181429,10/11/2024,,1213.333333,84.93333333,133.4666667
,Agegew Aserat ,22665181429,10/11/2024,,822.0633333,57.54443333,90.42696667
,Akililu GebreMikael ,22665181429,10/11/2024,,2100,147,231
,Belay Yaregal ,22665181429,10/11/2024,,2100,147,231
,Tigestu Getenet,22665181429,10/11/2024,,1400,98,154
,Sayifu Hailu,22665181429,10/11/2024,,1400,98,154
,Marye Tekeba,22665181429,10/11/2024,,2000,140,220
,Abebaw Edegaraw,22665181429,10/11/2024,,1264.79,88.5353,139.1269
,Amire Abaynebo,22665181429,10/11/2024,,1264.79,88.5353,139.1269
,Alazar Abebe ,22665181429,10/11/2024,,1268.79,88.8153,139.5669
,Bedane Bedesa ,22665181429,10/11/2024,,1264.79,88.5353,139.1269
,Gashaw Meketaw,22665181429,10/11/2024,,2000,140,220
,Gelana Dendana Negera ,22665181429,10/11/2024,,1400,98,154
,Chelot Mekwnant,22665181429,10/11/2024,,1400,98,154
,lejalem Getachew,22665181429,10/11/2024,,1400,98,154
,Alebachew Mola ,22665181429,10/11/2024,,1400,98,154
,Samuel Abate ,22665181429,10/11/2024,,1400,98,154
,Tadesse selashi ,22665181429,10/11/2024,,1400,98,154
,Sali Ahimed Abazena ,22665181429,10/11/2024,,1400,98,154
,Matiwos Gebere,22665181429,10/11/2024,,1400,98,154
,Hamesalu Abay,22665181429,10/11/2024,,2700,189,297
,Hassen Awol ,22665181429,10/11/2024,,2100,147,231
,Yared Belay ,22665181429,10/11/2024,,2100,147,231
,Halid Dawed ,22665181429,10/11/2024,,2100,147,231
,Daniel Abebe,22665181429,10/11/2024,,2100,147,231
,Alemu Dese,22665181429,10/11/2024,,2700,189,297
,Gete Tiruye Asaye ,22665181429,10/11/2024,,1468.79,102.8153,161.5669
,Ashenafi Kuma ,22665181429,10/11/2024,,1268.79,88.8153,139.5669
,Tariku Alemu ,22665181429,10/11/2024,,2100,147,231
,Abirham Getu ,22665181429,10/11/2024,,2100,147,231
,Tazebaw Semagaw ,22665181429,10/11/2024,,2100,147,231
,Manaye Mekonnen ,22665181429,10/11/2024,,1468.79,102.8153,161.5669
,Mikiyas Teshome,22665181429,10/11/2024,,2700,189,297
,Anewar Dawed,22665181429,10/11/2024,,2100,147,231
,Wasihun Negusie,22665181429,10/11/2024,,2100,147,231
,Hayeder Abazenab ,22665181429,10/11/2024,,2100,147,231
,Asaye Birara,22665181429,10/11/2024,,1223.991667,85.67941667,134.6390833
,Alemu Baye ,22665181429,10/11/2024,,2100,147,231
,Jewar Said ,22665181429,10/11/2024,,2100,147,231
,Hiwot Damesse,22665181429,10/11/2024,,2100,147,231
,Dnenet Tamiru ,22665181429,10/11/2024,,493.238,34.52666,54.25618
,Yehune Tadele ,22665181429,10/11/2024,,3000,210,330
,Temsgen Matiyase,22665181429,10/11/2024,,3000,210,330
,Shemsu Larego ,22665181429,10/11/2024,,2700,189,297
,dereje Zelalem ,22665181429,10/11/2024,,1800,126,198
,Ephrem Tadiwos ,22665181429,10/11/2024,,2000,140,220
,Yibeltal Abeye ,22665181429,10/11/2024,,337.2773333,23.60941333,37.10050667
,Ejigu Aledera,22665181429,10/11/2024,,1400,98,154
,Mohammed sirad,22665181429,10/11/2024,,1400,98,154
,Tamerat Adane,22665181429,10/11/2024,,1400,98,154
,Alehagi Wadu kebede,22665181429,10/11/2024,,2700,189,297
,Awoke Chekol,22665181429,10/11/2024,,2100,147,231
,Tamerat Tolosa Chosa ,22665181429,10/11/2024,,2100,147,231
,Hussen Abedi,22665181429,10/11/2024,,2100,147,231
,Mesganaw Getachew,22665181429,10/11/2024,,1980,138.6,217.8
,Abedulkerim Zeynu ,22665181429,10/11/2024,,1400,98,154
,Bishaw Mesle Ewentie,22665181429,10/11/2024,,1980,138.6,217.8
,Ambachew Gelanu ,22665181429,10/11/2024,,2000,140,220
,Ademas Adqo,22665181429,10/11/2024,,2000,140,220
,kassa Meku ,22665181429,10/11/2024,,2700,189,297
,Negussu Yehune ,22665181429,10/11/2024,,1906.666667,133.4666667,209.7333333
,Endriyas Eshetu ,22665181429,10/11/2024,,2000,140,220
,Aberham Beshela ,22665181429,10/11/2024,,986.476,69.05332,108.51236
,Tegaye Jember ,22665181429,10/11/2024,,1906.666667,133.4666667,209.7333333
,Aberham Tadesse ,22665181429,10/11/2024,,2700,189,297
,Fikiru Geta ,22665181429,10/11/2024,,1613.333333,112.9333333,177.4666667
,Hayelom Gebretekele,22665181429,10/11/2024,,1466.666667,102.6666667,161.3333333
,Amanual Teshager ,22665181429,10/11/2024,,2000,140,220
,merartu Deba,22665181429,10/11/2024,,1770,123.9,194.7
,Tigist Gadu,22665181429,10/11/2024,,2000,140,220
,Birtukan Seyum,22665181429,10/11/2024,,1737.09,121.5963,191.0799
,Selam Gosalo,22665181429,10/11/2024,,1542.09,107.9463,169.6299
,Tigest Tsgaye,22665181429,10/11/2024,,2375,166.25,261.25
,Meskerem Reta ,22665181429,10/11/2024,,2137.3,149.611,235.103
,Genet Wekede Rufayel,22665181429,10/11/2024,,1770,123.9,194.7
,Bezuayehu Tameru ,22665181429,10/11/2024,,510,35.7,56.1
,Fantu Tilahun ,22665181429,10/11/2024,,565.433,39.58031,62.19763
,Habtam Chane ,22665181429,10/11/2024,,565.433,39.58031,62.19763
,Yemisrach Dubale,22665181429,10/11/2024,,2000,140,220
,Beti Abirham ,22665181429,10/11/2024,,1737.09,121.5963,191.0799
,Kidist Alemu ,22665181429,10/11/2024,,1737.09,121.5963,191.0799
,Lilisa Asefaw ,22665181429,10/11/2024,,2500,175,275
,Feyesa Abedu ,22665181429,10/11/2024,,1737.09,121.5963,191.0799
,Eikeram Mohamed,22665181429,10/11/2024,,1737.09,121.5963,191.0799
,Lemelem Bekele,22665181429,10/11/2024,,1866.666667,130.6666667,205.3333333
,Selam Shuna,22665181429,10/11/2024,,2000,140,220
,Zeyaba Abdilkadir,22665181429,10/11/2024,,1866.666667,130.6666667,205.3333333
,Aster Getachew,22665181429,10/11/2024,,1866.666667,130.6666667,205.3333333
,Demi Shuna ,22665181429,10/11/2024,,1770,123.9,194.7
,Abiyot Tefera ,22665181429,10/11/2024,,1737.09,121.5963,191.0799
,kuluagersh Shekure,22665181429,10/11/2024,,1866.666667,130.6666667,205.3333333
,Fikirta Gezu ,22665181429,10/11/2024,,1542.09,107.9463,169.6299
,Rukiya Gosa,22665181429,10/11/2024,,1542.09,107.9463,169.6299
,Kedja Shanko,22665181429,10/11/2024,,2506.69,175.4683,275.7359
,Emiti Qnde,22665181429,10/11/2024,,1140.09,79.8063,125.4099
,Alemitu Abebe,22665181429,10/11/2024,,1238.59,86.7013,136.2449
,Elsabet Belayneh,22665181429,10/11/2024,,1038.59,72.7013,114.2449
,Zenebech Girma,22665181429,10/11/2024,,1140.09,79.8063,125.4099
,Sara Juhar,22665181429,10/11/2024,,1140.09,79.8063,125.4099
,Tadelech WeledeHana,22665181429,10/11/2024,,1038.59,72.7013,114.2449
,wasen Bekele,22665181429,10/11/2024,,740.09,51.8063,81.4099
,Emebet Alemayhu,22665181429,10/11/2024,,462.627,32.38389,50.88897
,Gete Teka,22665181429,10/11/2024,,740.09,51.8063,81.4099
,Yewbdar Gizaw,22665181429,10/11/2024,,1140.09,79.8063,125.4099
,Asnaku Gurmesa ,22665181429,10/11/2024,,740.09,51.8063,81.4099
,Hiwot Bekele,22665181429,10/11/2024,,1000,70,110
,Tekalgi Engida ,22665181429,10/11/2024,,1000,70,110
,Mekdes Belete,22665181429,10/11/2024,,2486.29,174.0403,273.4919
,Zekia Kemal,22665181429,10/11/2024,,1238.59,86.7013,136.2449
,Wogayehu Mindahun,22665181429,10/11/2024,,1238.59,86.7013,136.2449
,Chaletu Gutema,22665181429,10/11/2024,,1957.5,137.025,215.325
,Bizunesh Legese,22665181429,10/11/2024,,1957.5,137.025,215.325
,Tigist Sntayehu,22665181429,10/11/2024,,1957.5,137.025,215.325
,Fetya Yasin,22665181429,10/11/2024,,1238.59,86.7013,136.2449
,Britu Mekuria,22665181429,10/11/2024,,1238.59,86.7013,136.2449
,Meron Tesfay,22665181429,10/11/2024,,1957.5,137.025,215.325
,Murida Mehammed,22665181429,10/11/2024,,1000,70,110
,Abeba Hailu,22665181429,10/11/2024,,1957.5,137.025,215.325
,Alewya Awol,22665181429,10/11/2024,,1957.5,137.025,215.325
,Sekina Mohammed ,22665181429,10/11/2024,,1770,123.9,194.7
,Fetya Mohammed ,22665181429,10/11/2024,,833.3333333,58.33333333,91.66666667
,Afework Wandemu ,22665181429,10/11/2024,,833.3333333,58.33333333,91.66666667
,Mekides Wolde ,22665181429,10/11/2024,,1770,123.9,194.7
,Zehara Awol,22665181429,10/11/2024,,833.3333333,58.33333333,91.66666667
,Masresha Fekadu,22665181429,10/11/2024,,2500,175,275
,Ferehiwot Haile ,22665181429,10/11/2024,,1957.5,137.025,215.325
,Merima Kider ,22665181429,10/11/2024,,833.3333333,58.33333333,91.66666667
,Rahema Meki,22665181429,10/11/2024,,1957.5,137.025,215.325
,Zayneba Remedan,22665181429,10/11/2024,,1000,70,110
,Tehay Alemayhu ,22665181429,10/11/2024,,1000,70,110
,Rabiya Jemal ,22665181429,10/11/2024,,1000,70,110
,Beleyu Weledy,22665181429,10/11/2024,,1000,70,110
,Fatuma Mohammed ,22665181429,10/11/2024,,1000,70,110
,Muley Girmaw,22665181429,10/11/2024,,2501.5,175.105,275.165
,Asenake Tolosa ,22665181429,10/11/2024,,1770,123.9,194.7
,Tigist Gebere ,22665181429,10/11/2024,,1770,123.9,194.7
,Demoze walde ,22665181429,10/11/2024,,1020.09,71.4063,112.2099
,Wednesh Gunita ,22665181429,10/11/2024,,1000.09,70.0063,110.0099
,Mekides Anja ,22665181429,10/11/2024,,1866.19,130.6333,205.2809
,Tesfanesh Pawelos ,22665181429,10/11/2024,,2486.29,174.0403,273.4919
,Meretu Dereje,22665181429,10/11/2024,,1770,123.9,194.7
,Tizita Akimo,22665181429,10/11/2024,,1593,111.51,175.23
,Bezawit ,22665181429,10/11/2024,,606.6666667,42.46666667,66.73333333
,Kiya Kebede,22665181429,10/11/2024,,1957.5,137.025,215.325
,Hermela Yonas,22665181429,10/11/2024,,3500,245,385
,Tiruwork Alemayehu,22665181429,10/11/2024,,1957.5,137.025,215.325
,Tigist Getachew,22665181429,10/11/2024,,1040.09,72.8063,114.4099
,Worknesh Sima,22665181429,10/11/2024,,1000,70,110
,Birhan Wasehun,22665181429,10/11/2024,,1957.5,137.025,215.325
,Ashekar Hussen ,22665181429,10/11/2024,,778.79,54.5153,85.6669
,Tadelech Welede Hana,22665181429,10/11/2024,,778.79,54.5153,85.6669
,Biritu Belete ,22665181429,10/11/2024,,1000,70,110
,Fetya mohammed ,22665181429,10/11/2024,,1000,70,110
,Etanu Kureta,22665181429,10/11/2024,,2300,161,253
,Worknesh Kebede,22665181429,10/11/2024,,1700,119,187
,Mestawot Ayalew,22665181429,10/11/2024,,2702.14,189.1498,297.2354
,Adanch Wolde,22665181429,10/11/2024,,1700,119,187
,Chwanesh Remedan,22665181429,10/11/2024,,1040.09,72.8063,114.4099
,Bisrat Tadesse,22665181429,10/11/2024,,1700,119,187
,Ehitnesh Muletawe ,22665181429,10/11/2024,,1040.09,72.8063,114.4099
,Derartu Gabissa,22665181429,10/11/2024,,1040.09,72.8063,114.4099
,Meselech Mamo,22665181429,10/11/2024,,1040.09,72.8063,114.4099
,Hareg Tezera ,22665181429,10/11/2024,,1040.09,72.8063,114.4099
,Nunu woldemariam,22665181429,10/11/2024,,1040.09,72.8063,114.4099
,Ayalensh Mekuria,22665181429,10/11/2024,,1040.09,72.8063,114.4099
,Kidest Alemu,22665181429,10/11/2024,,1040.09,72.8063,114.4099
,Alemaz Teshome ,22665181429,10/11/2024,,1040.09,72.8063,114.4099
,Bezunesh Debel,22665181429,10/11/2024,,2000,140,220
,Seniyet Tefri,22665181429,10/11/2024,,2000,140,220
,Etalem Zewde,22665181429,10/11/2024,,2000,140,220
,Seada Abu ,22665181429,10/11/2024,,900,63,99
,Yesheye Amare ,22665181429,10/11/2024,,1534.59,107.4213,168.8049
,Shukirya Hassen ,22665181429,10/11/2024,,554.7146667,38.83002667,61.01861333
,Mare Awoke,22665181429,10/11/2024,,1770,123.9,194.7
,Maheder Shekur,22665181429,10/11/2024,,2000,140,220
,Raweda Mussa ,22665181429,10/11/2024,,1770,123.9,194.7
,Birhane Terefe,22665181429,10/11/2024,,1800,126,198
,Hanamareyam Wendealem,22665181429,10/11/2024,,2000,140,220
,Melishew Adane ,22665181429,10/11/2024,,1957.5,137.025,215.325
,Tigst Aytgbe,22665181429,10/11/2024,,1100,77,121
,Ejigsemaw Teshome,22665181429,10/11/2024,,1534.59,107.4213,168.8049
,Selam chekol,22665181429,10/11/2024,,1100,77,121
,Kidist Habetmu ,22665181429,10/11/2024,,2000,140,220
,Kidist belaw ,22665181429,10/11/2024,,1535.75,107.5025,168.9325
,Bezawit Tadesse ,22665181429,10/11/2024,,1535.75,107.5025,168.9325
,Tigist Mengesha,22665181429,10/11/2024,,1535.75,107.5025,168.9325
,Almaz Beyene,22665181429,10/11/2024,,1535.75,107.5025,168.9325
,Lakech Dendir,22665181429,10/11/2024,,1535.75,107.5025,168.9325
,Roman Nigusse ,22665181429,10/11/2024,,1534.59,107.4213,168.8049
,Bekelech Dadi,22665181429,10/11/2024,,1534.59,107.4213,168.8049
,Meseret Debebe,22665181429,10/11/2024,,1866.19,130.6333,205.2809
,Chaina Desdes,22665181429,10/11/2024,,1535.75,107.5025,168.9325
,Fekert Degefaw,22665181429,10/11/2024,,1535.75,107.5025,168.9325
,Haymanot Keberu ,22665181429,10/11/2024,,1534.59,107.4213,168.8049
,Sada Mohammed,22665181429,10/11/2024,,1535.75,107.5025,168.9325
,Hirut Gizaw ,22665181429,10/11/2024,,1535.75,107.5025,168.9325
,Rahmet Medede,22665181429,10/11/2024,,1534.59,107.4213,168.8049
,Addis Abdesa,22665181429,10/11/2024,,1866.19,130.6333,205.2809
,Birke Zeleke,22665181429,10/11/2024,,1098.5,76.895,120.835
,Jemila Husien,22665181429,10/11/2024,,1098.5,76.895,120.835
,Tesfanesh Weldeslasie,22665181429,10/11/2024,,2517.02,176.1914,276.8722
,Deberitu Darota,22665181429,10/11/2024,,2517.02,176.1914,276.8722
,Zebiba Mohammed,22665181429,10/11/2024,,2423.218667,169.6253067,266.5540533
,Ayalnesh Melse,22665181429,10/11/2024,,1098.5,76.895,120.835
,Zenash Yimam,22665181429,10/11/2024,,1098.5,76.895,120.835
,Deberitu Abate,22665181429,10/11/2024,,1098.5,76.895,120.835
,Betelham Ergete,22665181429,10/11/2024,,2000,140,220
,Gete Buage ,22665181429,10/11/2024,,1080,75.6,118.8
,Desta Deme,22665181429,10/11/2024,,3200,224,352
,Elili Kebede ,22665181429,10/11/2024,,1100,77,121
,Robedi Tamebishe,22665181429,10/11/2024,,1100,77,121
,Damenu Gerema,22665181429,10/11/2024,,1100,77,121
,Hana Oumer ,22665181429,10/11/2024,,900,63,99
,Zenebech Fafa,22665181429,10/11/2024,,2500,175,275
,Genet Teju,22665181429,10/11/2024,,2400,168,264
,Hirut Alemu ,22665181429,10/11/2024,,793.3933333,55.53753333,87.27326667
,Meaza Gizaw ,22665181429,10/11/2024,,744.054,52.08378,81.84594
,Ayelech Gudeta ,22665181429,10/11/2024,,670.045,46.90315,73.70495
,Yashitu Tegaw ,22665181429,10/11/2024,,1580,110.6,173.8
,Webalem Mekonene,22665181429,10/11/2024,,1580,110.6,173.8
,Emenet belay,22665181429,10/11/2024,,1535.75,107.5025,168.9325
,Tigist Aseryal,22665181429,10/11/2024,,1800,126,198
,Alemitu Asnakew,22665181429,10/11/2024,,1880.87,131.6609,206.8957
,Beshewas Baysasaw,22665181429,10/11/2024,,2300,161,253
,yewebdar Hailu,22665181429,10/11/2024,,1692.783,118.49481,186.20613
,Elsa Getahun ,22665181429,10/11/2024,,1800,126,198
,Selamawit Shemles,22665181429,10/11/2024,,1692.783,118.49481,186.20613
,Fate Temam ,22665181429,10/11/2024,,1692.783,118.49481,186.20613
,Meryiema Besher,22665181429,10/11/2024,,1692.783,118.49481,186.20613
,Mimi Alemu ,22665181429,10/11/2024,,1800,126,198
,Zewditu Kasa ,22665181429,10/11/2024,,1400,98,154
,Dagmawi Sleshi ,22665181429,10/11/2024,,1800,126,198
,Selamawit Hagose,22665181429,10/11/2024,,1800,126,198
,Ferezewd Haile,22665181429,10/11/2024,,1166.666667,81.66666667,128.3333333
,Aynadiss Hassen ,22665181429,10/11/2024,,1800,126,198
,Tihon Selashi ,22665181429,10/11/2024,,2000,140,220
,Aster webe ,22665181429,10/11/2024,,1800,126,198
,Teyiba jemal,22665181429,10/11/2024,,1800,126,198
,Mame Belaw ,22665181429,10/11/2024,,1800,126,198
,Hana Tegegne,22665181429,10/11/2024,,1800,126,198
,Mulu Birhan ,22665181429,10/11/2024,,1600,112,176
,Zenash Bekele ,22665181429,10/11/2024,,1100,77,121
,Eferat Weletaw,22665181429,10/11/2024,,1100,77,121
,Tsedale Alolo,22665181429,10/11/2024,,1100,77,121
,Seble Asefa,22665181429,10/11/2024,,1600,112,176
,Mekidelawit mulugeta,22665181429,10/11/2024,,1800,126,198
,Remila Nuru ,22665181429,10/11/2024,,1600,112,176
,Ayinalem HaileSlase,22665181429,10/11/2024,,1040.09,72.8063,114.4099
,Mulu Wedaju,22665181429,10/11/2024,,1493.333333,104.5333333,164.2666667
,Zekina Aba nega ,22665181429,10/11/2024,,1400,98,154
,Asekal Kebed,22665181429,10/11/2024,,2200,154,242
,Tigist Erikyihun,22665181429,10/11/2024,,2000,140,220
,Habtam Belayneh,22665181429,10/11/2024,,2000,140,220
,Hyimanot Belay,22665181429,10/11/2024,,2000,140,220
,Abay Aseme,22665181429,10/11/2024,,1933.333333,135.3333333,212.6666667
,Weda Mitiku ,22665181429,10/11/2024,,1100,77,121
,Sabele Akele ,22665181429,10/11/2024,,1100,77,121
,Kassech Admasu,22665181429,12/10/2023,,10560,739.2,1161.6
,Tigist Alebachew,22665181429,12/10/2023,,5250,367.5,577.5
,Abel Tadesse,22665181429,12/10/2023,,2000,140,220
,Yirgalem Tadele,22665181429,11/9/2025,,5000,350,550
,Teshome Abebe,22665181429,7/8/2025,,8800,616,968
,Adam Tadese,22665181429,12/10/2023,,12000,840,1320
,Tsedinya Shimlse ,22665181429,11/9/2025,,6500,455,715
,Lidet Tsegaye,22665181429,12/10/2023,,8800,616,968
,Yeabsira getu,22665181429,11/9/2025,,5018,351.26,551.98
,Seble asfawu,22665181429,12/10/2023,,4500,315,495
,Aschalech Gulilat,22665181429,11/9/2025,,5620,393.4,618.2
,Kabtamu Mersha,22665181429,11/9/2025,,4500,315,495
72648561,Rahel Eshetu ,22665181429,31/12/2025,,31000,2170,3410
,leake Mareyam Amero,22665181429,25/03/2026,,8620,603.4,948.2
,Sosina Melaku ,22665181429,14/07/26,,5842,408.94,642.62
,Tamerat Mekonnen,22665181429,8/7/2026,,1000,70,110
